id;title;author;description
1;cross-platform South;copy Concrete conglomeration;PCI leverage
2;Bacon Russian;Sports;Senior alarm calculate
3;Loan;overriding Rubber;Berkshire Salad invoice
4;bluetooth neural;quantify Kazakhstan;Account Graphical
5;Vanuatu;paradigms protocol 읍;blue Concrete
6;Movies benchmark;Loan;Car holistic
7;Wooden Representative;Metal Personal;hack Customer violet
8;Steel;mindshare synergistic;SSL Loan Steel
9;Assimilated;Coordinator sticky;Synergistic 대전
10;Convertible;면;경북 info-mediaries
